<?xml version="1.0" encoding="UTF-8"?>
<Device xmlns:xsi="http://www.w3.org/2001/XMLSchema-instance" xsi:noNamespaceSchemaLocation="..\..\..\..\Docu\Parameter.cid.xsd">
  <UserLevel/>
  <IFD>
    <CID>
      <Block Name="SIM_GenericViewer_TCPIPServer">
        <Group Name="Variaveis">
          <Variable Name="NOME_CAM1" VirtualMemoryRef="ApplicationParameters">
            <BasicType Usage="Normal">
              <String FixedLength="False" Length="15" DefaultValue="Câmera 1"/>
            </BasicType>
          </Variable>
          <Variable Name="IP_CAM1" VirtualMemoryRef="ApplicationParameters">
            <BasicType Usage="Normal">
              <String FixedLength="False" Length="15" DefaultValue="192.168.0.123"/>
            </BasicType>
          </Variable>
          <Variable Name="STATUS_CAM1">
            <BasicType Usage="Normal">
              <String Length="10"/>
            </BasicType>
          </Variable>
          <Variable Name="MSG_FULL_CAM1" VirtualMemoryRef="ApplicationParameters">
            <BasicType Usage="Normal">
              <String FixedLength="False" Length="150" DefaultValue=""/>
            </BasicType>
          </Variable>
          <Variable Name="VAR1_NOME_CAM1" VirtualMemoryRef="ApplicationParameters">
            <BasicType Usage="Normal">
              <String FixedLength="False" Length="15" DefaultValue="var1"/>
            </BasicType>
          </Variable>
          <Variable Name="VAR1_INI_CAM1" VirtualMemoryRef="ApplicationParameters">
            <BasicType Usage="Normal">
              <String FixedLength="False" Length="10" DefaultValue="var1ini"/>
            </BasicType>
          </Variable>
          <Variable Name="VAR1_RES_CAM1" VirtualMemoryRef="ApplicationParameters">
            <BasicType Usage="Normal">
              <String Length="10" DefaultValue="0"/>
            </BasicType>
          </Variable>
          <Variable Name="VAR1_FIM_CAM1" VirtualMemoryRef="ApplicationParameters">
            <BasicType Usage="Normal">
              <String FixedLength="False" Length="10" DefaultValue="var1fim"/>
            </BasicType>
          </Variable>
          <Variable Name="VAR2_NOME_CAM1" VirtualMemoryRef="ApplicationParameters">
            <BasicType Usage="Normal">
              <String FixedLength="False" Length="15" DefaultValue="var2"/>
            </BasicType>
          </Variable>
          <Variable Name="VAR2_INI_CAM1" VirtualMemoryRef="ApplicationParameters">
            <BasicType Usage="Normal">
              <String FixedLength="False" Length="10" DefaultValue="var2ini"/>
            </BasicType>
          </Variable>
          <Variable Name="VAR2_RES_CAM1" VirtualMemoryRef="ApplicationParameters">
            <BasicType Usage="Normal">
              <String FixedLength="False" Length="10" DefaultValue="0"/>
            </BasicType>
          </Variable>
          <Variable Name="VAR2_FIM_CAM1" VirtualMemoryRef="ApplicationParameters">
            <BasicType Usage="Normal">
              <String FixedLength="False" Length="10" DefaultValue="var2fim"/>
            </BasicType>
          </Variable>
          <Variable Name="STATUS_VAR1_CAM1">
            <BasicType Usage="Normal">
              <Int DefaultValue="1"/>
            </BasicType>
          </Variable>
          <Variable Name="VAR1_MIN_CAM1" VirtualMemoryRef="ApplicationParameters">
            <BasicType Usage="Normal">
              <Real DefaultValue="0.0" FixedPointBase="Decimal" FixedPointPos="2" PhysicalUnit="mm"/>
            </BasicType>
          </Variable>
          <Variable Name="VAR1_MAX_CAM1" VirtualMemoryRef="ApplicationParameters">
            <BasicType Usage="Normal">
              <Real DefaultValue="0.0" FixedPointBase="Decimal" FixedPointPos="1" PhysicalUnit="mm"/>
            </BasicType>
          </Variable>
          <Variable Name="STATUS_VAR2_CAM1">
            <BasicType Usage="Normal">
              <Int DefaultValue="1"/>
            </BasicType>
          </Variable>
          <Variable Name="VAR2_MIN_CAM1" VirtualMemoryRef="ApplicationParameters">
            <BasicType Usage="Normal">
              <Real DefaultValue="0.0"/>
            </BasicType>
          </Variable>
          <Variable Name="VAR2_MAX_CAM1" VirtualMemoryRef="ApplicationParameters">
            <BasicType Usage="Normal">
              <Real DefaultValue="0.0"/>
            </BasicType>
          </Variable>
          <Variable Name="NOME_CAM2" VirtualMemoryRef="ApplicationParameters">
            <BasicType Usage="Normal">
              <String FixedLength="False" Length="15" DefaultValue="Câmera 2"/>
            </BasicType>
          </Variable>
          <Variable Name="IP_CAM2" VirtualMemoryRef="ApplicationParameters">
            <BasicType Usage="Normal">
              <String FixedLength="False" Length="15" DefaultValue="192.168.0.124"/>
            </BasicType>
          </Variable>
          <Variable Name="STATUS_CAM2">
            <BasicType Usage="Normal">
              <String Length="10"/>
            </BasicType>
          </Variable>
          <Variable Name="MSG_FULL_CAM2" VirtualMemoryRef="ApplicationParameters">
            <BasicType Usage="Normal">
              <String FixedLength="False" Length="100" DefaultValue=""/>
            </BasicType>
          </Variable>
          <Variable Name="VAR1_NOME_CAM2" VirtualMemoryRef="ApplicationParameters">
            <BasicType Usage="Normal">
              <String FixedLength="False" Length="15" DefaultValue="var1"/>
            </BasicType>
          </Variable>
          <Variable Name="VAR1_INI_CAM2" VirtualMemoryRef="ApplicationParameters">
            <BasicType Usage="Normal">
              <String FixedLength="False" Length="10" DefaultValue="var1ini"/>
            </BasicType>
          </Variable>
          <Variable Name="VAR1_RES_CAM2" VirtualMemoryRef="ApplicationParameters">
            <BasicType Usage="Normal">
              <String FixedLength="False" Length="10" DefaultValue="0"/>
            </BasicType>
          </Variable>
          <Variable Name="VAR1_FIM_CAM2" VirtualMemoryRef="ApplicationParameters">
            <BasicType Usage="Normal">
              <String FixedLength="False" Length="10" DefaultValue="var1fim"/>
            </BasicType>
          </Variable>
          <Variable Name="VAR2_NOME_CAM2" VirtualMemoryRef="ApplicationParameters">
            <BasicType Usage="Normal">
              <String FixedLength="False" Length="15" DefaultValue="var2"/>
            </BasicType>
          </Variable>
          <Variable Name="VAR2_INI_CAM2" VirtualMemoryRef="ApplicationParameters">
            <BasicType Usage="Normal">
              <String FixedLength="False" Length="10" DefaultValue="var2ini"/>
            </BasicType>
          </Variable>
          <Variable Name="VAR2_RES_CAM2" VirtualMemoryRef="ApplicationParameters">
            <BasicType Usage="Normal">
              <String FixedLength="False" Length="10" DefaultValue="0"/>
            </BasicType>
          </Variable>
          <Variable Name="VAR2_FIM_CAM2" VirtualMemoryRef="ApplicationParameters">
            <BasicType Usage="Normal">
              <String FixedLength="False" Length="10" DefaultValue="var2fim"/>
            </BasicType>
          </Variable>
          <Variable Name="STATUS_VAR1_CAM2">
            <BasicType Usage="Normal">
              <Int DefaultValue="1"/>
            </BasicType>
          </Variable>
          <Variable Name="VAR1_MIN_CAM2" VirtualMemoryRef="ApplicationParameters">
            <BasicType Usage="Normal">
              <Real DefaultValue="0.0"/>
            </BasicType>
          </Variable>
          <Variable Name="VAR1_MAX_CAM2" VirtualMemoryRef="ApplicationParameters">
            <BasicType Usage="Normal">
              <Real DefaultValue="0.0"/>
            </BasicType>
          </Variable>
          <Variable Name="STATUS_VAR2_CAM2">
            <BasicType Usage="Normal">
              <Int DefaultValue="1"/>
            </BasicType>
          </Variable>
          <Variable Name="VAR2_MIN_CAM2" VirtualMemoryRef="ApplicationParameters">
            <BasicType Usage="Normal">
              <Real DefaultValue="0.0"/>
            </BasicType>
          </Variable>
          <Variable Name="VAR2_MAX_CAM2" VirtualMemoryRef="ApplicationParameters">
            <BasicType Usage="Normal">
              <Real DefaultValue="0.0"/>
            </BasicType>
          </Variable>
          <Variable Name="portaTCPIP" VirtualMemoryRef="ApplicationParameters">
            <BasicType Usage="Normal">
              <UInt DefaultValue="21"/>
            </BasicType>
          </Variable>
          <Variable Name="IP_CLP" VirtualMemoryRef="ApplicationParameters">
            <BasicType Usage="Normal">
              <String FixedLength="False" Length="15" DefaultValue="192.168.0.100"/>
            </BasicType>
          </Variable>
          <Variable Name="MSG_FULL_CLP" VirtualMemoryRef="ApplicationParameters">
            <BasicType Usage="Normal">
              <String FixedLength="False" Length="250" DefaultValue=""/>
            </BasicType>
          </Variable>
          <Variable Name="STATUS_CLP">
            <BasicType Usage="Normal">
              <String Length="10"/>
            </BasicType>
          </Variable>
          <Variable Name="VAR3_NOME_CAM1" VirtualMemoryRef="ApplicationParameters">
            <BasicType Usage="Normal">
              <String FixedLength="False" Length="15" DefaultValue="var3"/>
            </BasicType>
          </Variable>
          <Variable Name="VAR3_INI_CAM1" VirtualMemoryRef="ApplicationParameters">
            <BasicType Usage="Normal">
              <String FixedLength="False" Length="10" DefaultValue="var3ini"/>
            </BasicType>
          </Variable>
          <Variable Name="VAR3_RES_CAM1" VirtualMemoryRef="ApplicationParameters">
            <BasicType Usage="Normal">
              <String Length="10" DefaultValue="0"/>
            </BasicType>
          </Variable>
          <Variable Name="VAR3_FIM_CAM1" VirtualMemoryRef="ApplicationParameters">
            <BasicType Usage="Normal">
              <String FixedLength="False" Length="10" DefaultValue="var3fim"/>
            </BasicType>
          </Variable>
          <Variable Name="STATUS_VAR3_CAM1">
            <BasicType Usage="Normal">
              <Int DefaultValue="1"/>
            </BasicType>
          </Variable>
          <Variable Name="VAR3_MIN_CAM1" VirtualMemoryRef="ApplicationParameters">
            <BasicType Usage="Normal">
              <Real DefaultValue="0.0" FixedPointBase="Decimal" FixedPointPos="2" PhysicalUnit="mm"/>
            </BasicType>
          </Variable>
          <Variable Name="VAR3_MAX_CAM1" VirtualMemoryRef="ApplicationParameters">
            <BasicType Usage="Normal">
              <Real DefaultValue="0.0" FixedPointBase="Decimal" FixedPointPos="1" PhysicalUnit="mm"/>
            </BasicType>
          </Variable>
          <Variable Name="VAR3_NOME_CAM2" VirtualMemoryRef="ApplicationParameters">
            <BasicType Usage="Normal">
              <String FixedLength="False" Length="15" DefaultValue="var3"/>
            </BasicType>
          </Variable>
          <Variable Name="VAR3_INI_CAM2" VirtualMemoryRef="ApplicationParameters">
            <BasicType Usage="Normal">
              <String FixedLength="False" Length="10" DefaultValue="var3ini"/>
            </BasicType>
          </Variable>
          <Variable Name="VAR3_RES_CAM2" VirtualMemoryRef="ApplicationParameters">
            <BasicType Usage="Normal">
              <String FixedLength="False" Length="10" DefaultValue="0"/>
            </BasicType>
          </Variable>
          <Variable Name="VAR3_FIM_CAM2" VirtualMemoryRef="ApplicationParameters">
            <BasicType Usage="Normal">
              <String FixedLength="False" Length="10" DefaultValue="var3fim"/>
            </BasicType>
          </Variable>
          <Variable Name="STATUS_VAR3_CAM2">
            <BasicType Usage="Normal">
              <Int DefaultValue="1"/>
            </BasicType>
          </Variable>
          <Variable Name="VAR3_MIN_CAM2" VirtualMemoryRef="ApplicationParameters">
            <BasicType Usage="Normal">
              <Real DefaultValue="0.0"/>
            </BasicType>
          </Variable>
          <Variable Name="VAR3_MAX_CAM2" VirtualMemoryRef="ApplicationParameters">
            <BasicType Usage="Normal">
              <Real DefaultValue="0.0"/>
            </BasicType>
          </Variable>
        </Group>
        <Group Name="Tabela">
          <Variable Name="ProgressCam1">
            <BasicType>
              <Int/>
            </BasicType>
          </Variable>
          <Variable Name="ProgressCam2">
            <BasicType>
              <Int/>
            </BasicType>
          </Variable>
          <Variable Name="Ano" VirtualMemoryRef="ApplicationParameters">
            <BasicType>
              <Int/>
            </BasicType>
          </Variable>
          <Variable Name="Mes" VirtualMemoryRef="ApplicationParameters">
            <BasicType>
              <Int/>
            </BasicType>
          </Variable>
          <Variable Name="Dia" VirtualMemoryRef="ApplicationParameters">
            <BasicType>
              <Int/>
            </BasicType>
          </Variable>
          <Variable Name="Hora" VirtualMemoryRef="ApplicationParameters">
            <BasicType>
              <Int/>
            </BasicType>
          </Variable>
          <Variable Name="Minuto" VirtualMemoryRef="ApplicationParameters">
            <BasicType>
              <Int/>
            </BasicType>
          </Variable>
          <Variable Name="qtdLinhas" VirtualMemoryRef="ApplicationParameters">
            <BasicType>
              <Int DefaultValue="50"/>
            </BasicType>
          </Variable>
        </Group>
        <Group Name="Calibracao">
          <Variable Name="NomeJobProd" VirtualMemoryRef="ApplicationParameters">
            <BasicType>
              <String FixedLength="False" Length="15" DefaultValue="Producao"/>
            </BasicType>
          </Variable>
          <Variable Name="NomeJobCalib" VirtualMemoryRef="ApplicationParameters">
            <BasicType>
              <String FixedLength="False" Length="15" DefaultValue="Calibracao"/>
            </BasicType>
          </Variable>
          <Variable Name="JobProdID" VirtualMemoryRef="ApplicationParameters">
            <BasicType Usage="Normal">
              <UInt DefaultValue="0"/>
            </BasicType>
          </Variable>
          <Variable Name="JobCalibID" VirtualMemoryRef="ApplicationParameters">
            <BasicType Usage="Normal">
              <UInt DefaultValue="1"/>
            </BasicType>
          </Variable>
          <Variable Name="OffsetCam1v1" VirtualMemoryRef="ApplicationParameters">
            <BasicType>
              <LReal FixedPointBase="Decimal" FixedPointPos="1"/>
            </BasicType>
          </Variable>
          <Variable Name="OffsetCam2v1" VirtualMemoryRef="ApplicationParameters">
            <BasicType>
              <LReal FixedPointBase="Decimal" FixedPointPos="1"/>
            </BasicType>
          </Variable>
          <Variable Name="modoCamToggleButt" VirtualMemoryRef="ApplicationParameters">
            <BasicType>
              <String Length="1" DefaultValue="1"/>
            </BasicType>
          </Variable>
          <Variable Name="OffsetCam1v2" VirtualMemoryRef="ApplicationParameters">
            <BasicType>
              <LReal FixedPointBase="Decimal" FixedPointPos="1"/>
            </BasicType>
          </Variable>
          <Variable Name="OffsetCam1v3" VirtualMemoryRef="ApplicationParameters">
            <BasicType>
              <LReal FixedPointBase="Decimal" FixedPointPos="1"/>
            </BasicType>
          </Variable>
          <Variable Name="OffsetCam2v2" VirtualMemoryRef="ApplicationParameters">
            <BasicType>
              <LReal FixedPointBase="Decimal" FixedPointPos="1"/>
            </BasicType>
          </Variable>
          <Variable Name="OffsetCam2v3" VirtualMemoryRef="ApplicationParameters">
            <BasicType>
              <LReal FixedPointBase="Decimal" FixedPointPos="1"/>
            </BasicType>
          </Variable>
        </Group>
      </Block>
    </CID>
  </IFD>
  <Hardware>
    <VirtualMemory Name="ApplicationParameters"/>
  </Hardware>
</Device>
