{
  "version": "1.0", 
  "pages": [
    {
      "category": "Opções",
      "pages": [
        {
          "path": "pages01/Produção.html",
          "name": "Produção"
        },
        {
          "path": "pages01/AjustesLimites.html",
          "name": "Limites de Controle",
          "user": ["OPERATOR"]
        },
        {
          "path": "pages01/Tabela.html",
          "name": "Histórico de Medidas",
          "user": ["OPERATOR"]
        },
        {
          "path": "pages01/AjusteHora.html",
          "name": "Ajuste de Data / Jobs",
          "user": ["MAINTENANCE"]
        },
        {
          "path": "pages01/Calibracao.html",
          "name": "Calibração / Offset",
          "user": ["MAINTENANCE"]
        },
        {
          "path": "pages01/AjustesRede.html",
          "name": "Parâmetros de Rede",
          "user": ["SERVICE"]
        }
      ]
    }
  ]
}