<?xml version="1.0" encoding="UTF-8" standalone="no"?>
<manifest>
    <application name="SIM_GenericViewer_TCPIPServer">
        <crown name="SIM_GenericViewer_TCPIPServer">
            <desc>user script</desc>
            <serves>
                <event name="enviaDado1">
                    <trait>released</trait>
                    <param desc="" multiplicity="1" name="tabelaJson1" type="string"/>
                </event>
                <event name="enviaDado2">
                    <trait>released</trait>
                    <param desc="" multiplicity="1" name="tabelaJson2" type="string"/>
                </event>
                <event name="AtualizaTabela1">
                    <param desc="" multiplicity="1" name="Var1Cam1" type="string"/>
                    <param desc="" multiplicity="1" name="Var2Cam1" type="string"/>
                    <param desc="" multiplicity="1" name="Var3Cam1" type="string"/>
                </event>
                <event name="AtualizaTabela2">
                    <param desc="" multiplicity="1" name="Var1Cam2" type="string"/>
                    <param desc="" multiplicity="1" name="Var2Cam2" type="string"/>
                    <param desc="" multiplicity="1" name="Var3Cam2" type="string"/>
                </event>
                <event name="AtualizaTabela1Calib">
                    <trait>released</trait>
                    <param desc="" multiplicity="1" name="Var1Cam1" type="string"/>
                    <param desc="" multiplicity="1" name="Var2Cam1" type="string"/>
                    <param desc="" multiplicity="1" name="Var3Cam1" type="string"/>
                </event>
                <event name="AtualizaTabela2Calib">
                    <trait>released</trait>
                    <param desc="" multiplicity="1" name="Var1Cam2" type="string"/>
                    <param desc="" multiplicity="1" name="Var2Cam2" type="string"/>
                    <param desc="" multiplicity="1" name="Var3Cam2" type="string"/>
                </event>
                <event name="enviaDado1Calib">
                    <trait>released</trait>
                    <param desc="" multiplicity="1" name="tabelaJson1" type="string"/>
                </event>
                <event name="enviaDado2Calib">
                    <trait>released</trait>
                    <param desc="" multiplicity="1" name="tabelaJson2" type="string"/>
                </event>
                <event name="v1c2min">
                    <trait>released</trait>
                    <param desc="" multiplicity="1" name="v" type="float"/>
                </event>
                <event name="v1c2max">
                    <trait>released</trait>
                    <param desc="" multiplicity="1" name="v" type="float"/>
                </event>
                <event name="v2c2max">
                    <trait>released</trait>
                    <param desc="" multiplicity="1" name="v" type="float"/>
                </event>
                <event name="v2c2min">
                    <trait>released</trait>
                    <param desc="" multiplicity="1" name="v" type="float"/>
                </event>
                <event name="v1c1max">
                    <trait>released</trait>
                    <param desc="" multiplicity="1" name="v" type="float"/>
                </event>
                <event name="v2c1max">
                    <trait>released</trait>
                    <param desc="" multiplicity="1" name="v" type="float"/>
                </event>
                <event name="v1c1min">
                    <trait>released</trait>
                    <param desc="" multiplicity="1" name="v" type="float"/>
                </event>
                <event name="v2c1min">
                    <trait>released</trait>
                    <param desc="" multiplicity="1" name="v" type="float"/>
                </event>
                <event name="v3c1max">
                    <trait>released</trait>
                    <param desc="" multiplicity="1" name="v" type="float"/>
                </event>
                <event name="v3c2max">
                    <trait>released</trait>
                    <param desc="" multiplicity="1" name="v" type="float"/>
                </event>
                <event name="v3c2min">
                    <trait>released</trait>
                    <param desc="" multiplicity="1" name="v" type="float"/>
                </event>
                <event name="v3c1min">
                    <trait>released</trait>
                    <param desc="" multiplicity="1" name="v" type="float"/>
                </event>
                <function name="testeConexCam1"/>
                <function name="testeConexCam2">
                    <trait>released</trait>
                </function>
                <function name="salvaParametros"/>
                <function name="Butt_LimpaTabela">
                    <trait>released</trait>
                </function>
                <function name="puxaDataHora">
                    <return multiplicity="1" name="value" type="string"/>
                </function>
                <function name="AtualizaHora"/>
                <function name="checkBoxModoOperacao">
                    <param multiplicity="1" name="change" type="string"/>
                </function>
                <function name="atualizaPortaTCPIP">
                    <param multiplicity="1" name="change" type="float"/>
                </function>
                <function name="testeConexCLP">
                    <trait>released</trait>
                </function>
                <function name="copiaLim1p2"/>
                <function name="copiaLim2p1"/>
            </serves>
            <uses/>
        </crown>
        <meta key="author">Danilo Flosi</meta>
        <meta key="version">1.0</meta>
        <meta key="priority">high</meta>
        <meta key="copy-protected">true</meta>
        <meta key="read-protected">true</meta>
        <meta key="tags">Communication</meta>
        <entry default="TCPIPServer.lua" path="scripts"/>
    </application>
</manifest>
