<?xml version="1.0" encoding="UTF-8" standalone="no"?>
<manifest>
    <application name="SIM_GenericViewer_Tabela">
        <crown name="SIM_GenericViewer_Tabela">
            <desc>user script</desc>
            <serves>
                <function name="AltQtdLinhas">
                    <param multiplicity="1" name="change" type="float"/>
                </function>
            </serves>
        </crown>
        <meta key="author">Danilo Flosi</meta>
        <meta key="version">1.0</meta>
        <meta key="priority">low</meta>
        <meta key="copy-protected">true</meta>
        <meta key="read-protected">true</meta>
        <entry default="Tabela.lua" path="scripts"/>
    </application>
</manifest>
